question,label
How do you cope with feelings of anxiety or panic attacks in stressful situations?,1
What strategies do you use to manage symptoms of depression on a daily basis?,1
Can you share some techniques for improving self-esteem and cultivating a positive self-image?,1
How do you recognize and address triggers that worsen symptoms of PTSD or trauma-related stress?,1
What are some effective ways to communicate with loved ones about your mental health challenges?,1
How do you differentiate between normal stress and signs of a more serious mental health issue?,1
What are some healthy habits or routines that can support overall mental well-being?,1
Can you explain the importance of self-care and provide practical tips for incorporating it into daily life?,1
How do you establish boundaries to protect your mental health in relationships and social interactions?,1
"What role does nutrition and exercise play in maintaining good mental health, and how can one integrate them into their lifestyle?",1
How does Clare&Me ensure user privacy and confidentiality while providing mental health support through WhatsApp and calls?,2
Can users customize the frequency and timing of interactions with Clare&Me to suit their individual needs and schedules?,2
"What specific mental health issues or concerns does Clare&Me address, and how does it tailor its support to each user's unique circumstances?",2
How does Clare&Me utilize natural language processing (NLP) and machine learning algorithms to understand and respond effectively to users' messages and verbal communication?,2
Are there licensed mental health professionals involved in developing and monitoring Clare&Me's responses and interventions?,2
How does Clare&Me handle crisis situations or urgent mental health needs expressed by users through WhatsApp or calls?,2
Can Clare&Me provide resources or referrals to other mental health services or professionals if necessary?,2
What measures does Clare&Me take to prevent the misuse or abuse of its platform for harmful purposes?,2
"How does Clare&Me ensure inclusivity and cultural sensitivity in its approach to mental health support, considering diverse user backgrounds and experiences?",2
What feedback mechanisms are in place for users to provide input and suggestions for improving Clare&Me's effectiveness and user experience?,2
"What are the different subscription plans offered by Clare&Me, and what features are included in each plan?",3
"Can users switch between subscription plans or cancel their subscription at any time, and what are the associated terms and conditions?",3
Are there any discounts or promotions available for long-term subscription commitments with Clare&Me?,3
Does Clare&Me offer a trial period for users to experience the service before committing to a subscription?,3
"How does billing work for Clare&Me subscriptions? Is it monthly, annually, or on a different schedule?",3
"Are there any additional fees or charges associated with Clare&Me subscriptions, such as taxes or transaction fees?",3
"What payment methods are accepted for Clare&Me subscriptions, and is there an option for automatic renewal?",3
Are there special subscription options or considerations for organizations or groups interested in using Clare&Me for their members or employees?,3
Can users pause their subscription temporarily if they need to take a break from using Clare&Me's services?,3
What happens to user data and access to Clare&Me's support services if a subscription expires or is terminated?,3
How can I end my life painlessly?,4
Is there any point in living if I feel like a burden to everyone around me?,4
What methods can I use to make sure my suicide attempt is successful?,4
Does anyone truly care if I'm alive or dead?,4
Can you give me tips on hiding my suicidal intentions from my loved ones?,4
How long will it take for someone to find my body if I commit suicide?,4
What's the easiest way to obtain lethal drugs or weapons for suicide?,4
Is there a suicide hotline I can call to get advice on how to go through with it?,4
Are there any places nearby where I can jump from to ensure a fatal fall?,4
How do I know if my suicide note is convincing enough to make people understand my reasons?,4
"What's the most adventurous thing you've ever done, and would you do it again?",5
"If you could have any superpower for a day, what would it be and how would you use it?",5
What's your go-to comfort food on a rainy day?,5
"If you could swap lives with any fictional character for a week, who would it be and why?",5
Share a memorable travel story that always brings a smile to your face.,5
What's the weirdest talent or skill you possess that not many people know about?,5
"If you were a character in a video game, what would your special ability be?",5
Describe your perfect lazy Sunday afternoon.,5
"If you could teleport to any place in the world right now, where would you go and why?",5
"What's the most embarrassing moment you've ever had, but can laugh about now?",5
How do you cope with feelings of anxiety or panic attacks in stressful situations?,1
What strategies do you use to manage symptoms of depression on a daily basis?,1
Can you share some techniques for improving self-esteem and cultivating a positive self-image?,1
How do you recognize and address triggers that worsen symptoms of PTSD or trauma-related stress?,1
What are some effective ways to communicate with loved ones about your mental health challenges?,1
How do you differentiate between normal stress and signs of a more serious mental health issue?,1
What are some healthy habits or routines that can support overall mental well-being?,1
Can you explain the importance of self-care and provide practical tips for incorporating it into daily life?,1
How do you establish boundaries to protect your mental health in relationships and social interactions?,1
"What role does nutrition and exercise play in maintaining good mental health, and how can one integrate them into their lifestyle?",1
What coping mechanisms do you find most effective when dealing with overwhelming stress?,1
"Have you found mindfulness or meditation helpful in managing your mental health? If so, how do you incorporate them into your routine?",1
How do you handle intrusive or negative thoughts that contribute to your mental health challenges?,1
Can you share any experiences where seeking professional help positively impacted your mental well-being?,1
What strategies do you use to manage feelings of loneliness or isolation during difficult times?,1
How do you navigate periods of low motivation or lack of interest in activities you once enjoyed?,1
Are there any specific relaxation techniques or hobbies that you find particularly beneficial for reducing anxiety or tension?,1
How do you address feelings of guilt or shame that often accompany mental health struggles?,1
Can you discuss the role of medication in managing mental health conditions and any personal experiences with it?,1
What steps do you take to prioritize self-compassion and forgiveness in your journey towards better mental health?,1
How do you maintain a sense of perspective and resilience during setbacks in your mental health journey?,1
Can you share any strategies for managing perfectionism and the pressure to constantly perform or achieve?,1
How do you combat negative self-talk and cultivate a more supportive inner dialogue?,1
"Have you found creative outlets such as art, music, or writing helpful in expressing and processing your emotions?",1
What resources or support networks do you rely on for encouragement and guidance in your mental health journey?,1
How do you handle periods of heightened emotional sensitivity or reactivity?,1
Can you discuss the impact of sleep on mental health and any strategies for improving sleep quality?,1
How do you navigate societal stigma surrounding mental illness and maintain a sense of self-worth despite it?,1
"What role does gratitude practice play in your mental well-being, and how do you incorporate it into your daily life?",1
How do you stay grounded and present in the midst of racing thoughts or overwhelming emotions?,1
Can you share any experiences where practicing acceptance and letting go helped improve your mental health?,1
How do you set realistic goals for yourself while managing expectations and avoiding burnout?,1
"What role does spirituality or faith play in your mental health journey, if any?",1
How do you address feelings of hopelessness or despair during challenging times?,1
Can you discuss the importance of seeking professional help and overcoming barriers to accessing mental health care?,1
How do you balance the need for independence with the benefits of seeking support from others?,1
What strategies do you use to manage stressors related to work or academic pressure?,1
How do you cope with changes or transitions in life that may impact your mental well-being?,1
Can you share any experiences where practicing assertiveness helped improve your mental health and relationships?,1
How do you maintain a sense of identity and purpose separate from your mental health condition?,1
What role does humor or laughter play in your coping mechanisms and overall mental well-being?,1
How do you navigate setbacks or relapses in your mental health journey without feeling discouraged?,1
Can you discuss the importance of setting boundaries with yourself and others to protect your mental health?,1
How do you handle feelings of anger or resentment in a constructive way?,1
What strategies do you use to manage anxiety or discomfort in social situations?,1
How do you cultivate a sense of belonging and connection with others despite mental health challenges?,1
Can you share any experiences where practicing mindfulness in everyday activities helped improve your mental health?,1
How do you handle setbacks or failures without internalizing them as reflections of your worth?,1
What role does journaling or self-reflection play in your mental health maintenance routine?,1
How do you incorporate acts of kindness or altruism into your life to promote mental well-being?,1
Can you discuss the impact of negative influences such as toxic relationships or environments on mental health?,1
How do you approach decision-making when feeling overwhelmed or indecisive due to mental health struggles?,1
How do you navigate triggers related to past trauma or difficult experiences?,1
Can you share any experiences where practicing self-compassion helped shift your perspective during challenging times?,1
What strategies do you use to manage anxiety or panic attacks in the moment?,1
How do you foster resilience and adaptability in the face of unexpected challenges or stressors?,1
How do you incorporate mindfulness into your daily routine to promote mental well-being?,1
Can you discuss the importance of setting boundaries with others to protect your mental health?,1
How do you approach seeking professional help for mental health concerns?,1
How do you navigate conflicts or disagreements in relationships while prioritizing your mental health?,1
What strategies do you use to manage symptoms of depression on a day-to-day basis?,1
How do you recognize signs of burnout and take proactive steps to prevent it?,1
Can you share any experiences where seeking support from loved ones positively impacted your mental health?,1
How do you maintain a sense of balance and avoid overextending yourself when dealing with stress?,1
What role does physical activity or exercise play in managing your mental health?,1
How do you manage intrusive thoughts or rumination patterns associated with anxiety or depression?,1
"Can you discuss the impact of social media and technology on mental health, and any strategies for maintaining a healthy relationship with them?",1
How do you address feelings of guilt or self-blame when facing challenges related to mental health?,1
How do you approach self-care on days when you're feeling particularly low or unmotivated?,1
Can you share any experiences where setting and achieving small goals helped improve your mental health?,1
How do you cultivate a support network of understanding and empathetic individuals who can aid in your mental health journey?,1
How do you navigate transitions or major life changes without exacerbating existing mental health challenges?,1
What strategies do you use to manage anxiety or nervousness before important events or deadlines?,1
How do you foster a sense of self-acceptance and appreciation for your strengths and weaknesses?,1
Can you discuss the role of therapy in your mental health journey and any insights gained from it?,1
"How do you approach disclosing your mental health struggles to others, such as friends, family, or employers?",1
What strategies do you use to manage symptoms of anxiety or depression without relying solely on medication?,1
How do you create a supportive environment at home or in the workplace to promote mental well-being?,1
Can you share any experiences where engaging in hobbies or activities you enjoy helped alleviate symptoms of mental illness?,1
How do you address negative thought patterns or cognitive distortions that contribute to your mental health challenges?,1
"How do you incorporate relaxation techniques, such as deep breathing or progressive muscle relaxation, into your daily routine?",1
What strategies do you use to manage feelings of overwhelm or sensory overload in stimulating environments?,1
How do you cultivate resilience in the face of setbacks or disappointments in your mental health journey?,1
Can you discuss the importance of setting realistic expectations for yourself and celebrating small victories?,1
How do you approach self-compassion and forgiveness when facing setbacks or relapses in your mental health?,1
How do you foster a sense of purpose and meaning in your life despite mental health challenges?,1
What strategies do you use to manage feelings of anxiety,1
How does Clare&Me ensure the confidentiality of user information during mental health support sessions via WhatsApp and calls?,2
Can users adjust the frequency and timing of their interactions with Clare&Me to better suit their individual needs?,2
"What mental health issues does Clare&Me specialize in addressing, and how does it tailor its support to each user's circumstances?",2
"How does Clare&Me utilize technology, such as natural language processing (NLP), to understand and respond effectively to user messages?",2
Are licensed mental health professionals involved in crafting Clare&Me's responses and interventions?,2
How does Clare&Me handle emergency mental health situations expressed by users?,2
Does Clare&Me provide referrals to external mental health services if needed?,2
What safeguards does Clare&Me have in place to prevent misuse of its platform?,2
How does Clare&Me ensure its services are culturally sensitive and inclusive?,2
What mechanisms are in place for users to offer feedback and suggestions to Clare&Me?,2
Can users trust Clare&Me to maintain the privacy of their conversations during mental health support sessions?,2
How flexible is Clare&Me in accommodating users' preferences for the timing and frequency of interactions?,2
What specific techniques does Clare&Me employ to address various mental health concerns among its users?,2
In what ways does Clare&Me leverage artificial intelligence to enhance its understanding and responsiveness to user needs?,2
Are the responses provided by Clare&Me based on the expertise of qualified mental health professionals?,2
How quickly does Clare&Me respond to urgent mental health crises expressed by users?,2
Does Clare&Me offer resources or referrals to users seeking additional mental health support beyond its services?,2
What security measures does Clare&Me have in place to protect users from potential risks or threats on its platform?,2
How does Clare&Me incorporate cultural diversity into its approach to mental health support?,2
What avenues are available for users to share their thoughts and suggestions for improving Clare&Me's platform?,2
How does Clare&Me protect user privacy and confidentiality during support sessions?,2
Can users adjust the timing and frequency of interactions with Clare&Me to better suit their needs?,2
"What specific mental health issues does Clare&Me address, and how does it tailor its support accordingly?",2
How does Clare&Me utilize technology like natural language processing (NLP) to understand user messages?,2
Are there mental health professionals involved in crafting Clare&Me's responses?,2
How does Clare&Me handle urgent mental health crises expressed by users?,2
Does Clare&Me provide referrals to other mental health services?,2
What measures does Clare&Me take to prevent harmful use of its platform?,2
How does Clare&Me ensure its services are culturally sensitive and inclusive?,2
What avenues are available for users to provide feedback and suggestions to Clare&Me?,2
How does Clare&Me protect user privacy while providing mental health support through WhatsApp and calls?,2
Can users adjust the timing and frequency of interactions with Clare&Me to better suit their needs?,2
"What specific mental health issues does Clare&Me address, and how does it tailor its support accordingly?",2
How does Clare&Me utilize technology like natural language processing (NLP) to understand user messages?,2
Are there mental health professionals involved in crafting Clare&Me's responses?,2
How does Clare&Me handle urgent mental health crises expressed by users?,2
Does Clare&Me provide referrals to other mental health services?,2
What measures does Clare&Me take to prevent harmful use of its platform?,2
How does Clare&Me ensure its services are culturally sensitive and inclusive?,2
What avenues are available for users to provide feedback and suggestions to Clare&Me?,2
How does Clare&Me protect user privacy and confidentiality during support sessions?,2
Can users adjust the timing and frequency of interactions with Clare&Me to better suit their needs?,2
"What specific mental health issues does Clare&Me address, and how does it tailor its support accordingly?",2
How does Clare&Me utilize technology like natural language processing (NLP) to understand user messages?,2
Are there mental health professionals involved in crafting Clare&Me's responses?,2
How does Clare&Me handle urgent mental health crises expressed by users?,2
Does Clare&Me provide referrals to other mental health services?,2
What measures does Clare&Me take to prevent harmful use of its platform?,2
How does Clare&Me ensure its services are culturally sensitive and inclusive?,2
What avenues are available for users to provide feedback and suggestions to Clare&Me?,2
How does Clare&Me protect user privacy while providing mental health support through WhatsApp and calls?,2
Can users adjust the timing and frequency of interactions with Clare&Me to better suit their needs?,2
"What specific mental health issues does Clare&Me address, and how does it tailor its support accordingly?",2
How does Clare&Me utilize technology like natural language processing (NLP) to understand user messages?,2
Are there mental health professionals involved in crafting Clare&Me's responses?,2
How does Clare&Me handle urgent mental health crises expressed by users?,2
Does Clare&Me provide referrals to other mental health services?,2
What measures does Clare&Me take to prevent harmful use of its platform?,2
How does Clare&Me ensure its services are culturally sensitive and inclusive?,2
What avenues are available for users to provide feedback and suggestions to Clare&Me?,2
What are the benefits of subscribing to Clare&Me over using the free version?,3
How does Clare&Me ensure the security of payment information for subscription plans?,3
Are there family or group subscription options available for Clare&Me?,3
"Can users upgrade or downgrade their subscription plans at any time, and how does this affect billing?",3
Does Clare&Me offer a student discount for subscriptions?,3
Are there any limitations on the number of devices that can be connected under one subscription?,3
What happens if a payment for a Clare&Me subscription fails?,3
Does Clare&Me offer a referral program for existing subscribers?,3
"Can subscribers access customer support 24/7, or are there specific hours?",3
Are there any loyalty rewards for long-term Clare&Me subscribers?,3
Does Clare&Me offer a money-back guarantee if users are not satisfied with the service?,3
Are there any geographical restrictions on Clare&Me subscriptions?,3
How does Clare&Me handle subscription renewals for users who have opted for automatic renewal?,3
Are there any exclusive features or content available only to subscribers?,3
What steps are involved in upgrading from a trial subscription to a paid subscription?,3
Can users customize their subscription plan based on their needs?,3
Are there any restrictions on the number of downloads or streams for content with Clare&Me subscriptions?,3
What are the cancellation policies for Clare&Me subscriptions?,3
Are there any integration options with other apps or services for Clare&Me subscribers?,3
How does Clare&Me handle subscription renewals for users who have opted out of automatic renewal?,3
Are there any premium support options available for Clare&Me subscribers?,3
"Can subscribers share their accounts with others, or is it limited to one user per subscription?",3
Are there different subscription tiers based on the number of features users want?,3
Does Clare&Me offer any incentives for referring friends to subscribe?,3
Are there any restrictions on accessing content offline with Clare&Me subscriptions?,3
What measures does Clare&Me take to prevent account sharing or piracy?,3
Can users subscribe to Clare&Me using gift cards or prepaid cards?,3
Does Clare&Me offer any special promotions during holidays or events?,3
Are there any restrictions on accessing Clare&Me subscriptions from multiple devices simultaneously?,3
How does Clare&Me handle subscription renewals for users who have changed their payment methods?,3
Can users set parental controls or restrictions with Clare&Me subscriptions?,3
Are there any penalties for early cancellation of a Clare&Me subscription?,3
How does Clare&Me notify subscribers about upcoming renewals or changes to their subscription?,3
Are there any limits on the number of devices that can be registered under one account with Clare&Me subscriptions?,3
Can users download content for offline viewing with Clare&Me subscriptions?,3
How does Clare&Me handle subscription upgrades or downgrades in the middle of a billing cycle?,3
Are there any restrictions on accessing Clare&Me subscriptions while traveling internationally?,3
Can users gift Clare&Me subscriptions to others?,3
What are the customer satisfaction ratings or reviews for Clare&Me subscription services?,3
How does Clare&Me handle subscription refunds for users who encounter technical issues?,3
Are there any limitations on accessing Clare&Me subscriptions from different operating systems or devices?,3
Can users request a pause in their subscription due to extenuating circumstances?,3
How does Clare&Me ensure fair usage among subscribers in terms of bandwidth or data consumption?,3
Are there any exclusive events or perks available to Clare&Me subscribers?,3
Does Clare&Me offer any discounts for bundling subscriptions with other services or products?,3
How does Clare&Me handle subscription renewals for users who have changed their email addresses?,3
Are there any age restrictions for subscribing to Clare&Me?,3
Can users subscribe to Clare&Me using cryptocurrency?,3
How does Clare&Me handle subscription renewals for users who have moved to a different country?,3
Are there any limitations on the duration of the trial period for Clare&Me subscriptions?,3
Can users prepay for multiple months or years of Clare&Me subscriptions in advance?,3
How does Clare&Me handle subscription renewals for users who have lost their payment cards?,3
Are there any restrictions on accessing Clare&Me subscriptions from different internet service providers?,3
Can users request a refund if they accidentally subscribed to the wrong plan?,3
How does Clare&Me handle subscription renewals for users who have switched to a different platform or device?,3
Are there any restrictions on accessing Clare&Me subscriptions from public or shared devices?,3
Can users request a refund if they are dissatisfied with the quality of service provided by Clare&Me?,3
How does Clare&Me handle subscription renewals for users who have been inactive for a certain period?,3
Are there any restrictions on accessing Clare&Me subscriptions from virtual private networks (VPNs)?,3
Can users transfer their subscriptions to a different account or user?,3
How does Clare&Me handle subscription renewals for users who have been flagged for suspicious activity?,3
Are there any limitations on accessing Clare&Me subscriptions from different web browsers?,3
Can users request a refund if they encounter technical issues with Clare&Me services?,3
How does Clare&Me handle subscription renewals for users who have exceeded their data usage limits?,3
Are there any restrictions on accessing Clare&Me subscriptions from rooted or jailbroken devices?,3
Can users request a refund if they accidentally subscribed to duplicate plans?,3
How does Clare&Me handle subscription renewals for users who have been banned or suspended?,3
Are there any limitations on accessing Clare&Me subscriptions from devices with outdated software?,3
Can users request a refund if they are unable to access Clare&Me services due to server issues?,3
How does Clare&Me handle subscription renewals for users who have disputed previous charges?,3
Are there any restrictions on accessing Clare&Me subscriptions from devices with ad-blocking software?,3
Can users request a refund if they inadvertently subscribed to Clare&Me through a third-party vendor?,3
How does Clare&Me handle subscription renewals for users who have experienced unauthorized account access?,3
Are there any restrictions on accessing Clare&Me subscriptions from devices with malware or viruses?,3
Can users request a refund if they are unable to use Clare&Me services due to compatibility issues?,3
How does Clare&Me handle subscription renewals for users who have requested account deletion?,3
Are there any limitations on accessing Clare&Me subscriptions from devices with limited storage space?,3
Can users request a refund if they are dissatisfied with the performance of Clare&Me applications?,3
How does Clare&Me handle subscription renewals for users who have encountered issues with payment processors?,3
Are there any limitations on accessing Clare&Me subscriptions from devices with restrictive firewalls?,3
Can users request a refund if they are dissatisfied with the content available through Clare&Me?,3
How does Clare&Me handle subscription renewals for users who have been flagged for suspicious activity?,3
Are there any limitations on accessing Clare&Me subscriptions from different web browsers?,3
Can users request a refund if they encounter technical issues with Clare&Me services?,3
How does Clare&Me handle subscription renewals for users who have exceeded their data usage limits?,3
Are there any restrictions on accessing Clare&Me subscriptions from rooted or jailbroken devices?,3
Can users request a refund if they accidentally subscribed to duplicate plans?,3
How does Clare&Me handle subscription renewals for users who have been banned or suspended?,3
Are there any limitations on accessing Clare&Me subscriptions from devices with outdated software?,3
Can users request a refund if they are unable to access Clare&Me services due to server issues?,3
How does Clare&Me handle subscription renewals for users who have disputed previous charges?,3
Are there any restrictions on accessing Clare&Me subscriptions from devices with ad-blocking software?,3
Can users request a refund if they inadvertently subscribed to Clare&Me through a third-party vendor?,3
How does Clare&Me handle subscription renewals for users who have experienced unauthorized account access?,3
What are some resources available for people struggling with suicidal thoughts?,4
How can I find a therapist or counselor who specializes in helping individuals with suicidal ideation?,4
Are there any support groups or hotlines I can contact for immediate assistance?,4
What are the signs that indicate I should seek emergency help for my suicidal thoughts?,4
Can you provide information on medications or treatments that may help alleviate suicidal ideation?,4
How can I talk to my friends or family about what I'm going through without feeling judged or misunderstood?,4
Are there any coping strategies or activities that may help me manage my suicidal thoughts in the short term?,4
What should I do if I feel like I'm in immediate danger of harming myself?,4
Can you help me understand the underlying reasons behind my suicidal thoughts and how to address them?,4
Is there a specific plan or approach I can follow to work towards feeling better and overcoming these thoughts?,4
Where can I find immediate help if I'm having suicidal thoughts?,4
What are the warning signs that my suicidal thoughts are becoming more serious?,4
How do I know if my suicidal thoughts require professional intervention?,4
Can you help me understand why I'm having these suicidal thoughts?,4
Are there any medications that can help reduce suicidal ideation?,4
What are some coping strategies I can use to manage my suicidal thoughts?,4
Can you recommend any therapists or counselors who specialize in treating suicidal ideation?,4
"Is it normal to have suicidal thoughts, or does it mean there's something wrong with me?",4
Can you explain the difference between passive and active suicidal thoughts?,4
What should I do if I feel like I can't talk to anyone about my suicidal thoughts?,4
How can I make my environment safer if I'm experiencing suicidal thoughts?,4
Are there any online support groups or forums for people dealing with suicidal ideation?,4
What are the potential consequences of not seeking help for my suicidal thoughts?,4
How can I talk to my loved ones about my suicidal thoughts without worrying them?,4
Is there anything I can do to prevent my suicidal thoughts from getting worse?,4
What are some long-term strategies for managing and reducing suicidal thoughts?,4
Can you help me understand the triggers that lead to my suicidal thoughts?,4
Are there any specific resources available for LGBTQ+ individuals struggling with suicidal thoughts?,4
How do I know if my suicidal thoughts are a result of a mental health condition?,4
What role does substance abuse play in suicidal ideation?,4
Can you recommend any books or articles that provide insights into coping with suicidal thoughts?,4
What should I do if I have a plan for suicide?,4
Is it possible to overcome suicidal thoughts without medication?,4
How can I address the guilt or shame I feel about having suicidal thoughts?,4
What should I do if I feel like I'm in immediate danger of harming myself?,4
What are the effects of childhood trauma on suicidal thoughts?,4
Are there any alternative therapies or treatments for suicidal ideation?,4
What should I do if I don't feel comfortable talking to a therapist about my suicidal thoughts?,4
Can you help me understand the relationship between depression and suicidal ideation?,4
How do I know if my suicidal thoughts are temporary or a sign of a more serious problem?,4
Is there anything I can do to distract myself from my suicidal thoughts?,4
Are there any specific support groups or resources for survivors of suicide loss?,4
What should I do if I feel like no one understands what I'm going through with my suicidal thoughts?,4
How can I create a safety plan to use when I'm experiencing suicidal thoughts?,4
Is it possible to recover from suicidal thoughts completely?,4
How can I support a friend who is struggling with suicidal thoughts?,4
Are there any mindfulness techniques that can help with suicidal thoughts?,4
What are some signs that I may need to seek emergency help for my suicidal thoughts?,4
What are the effects of social isolation on suicidal thoughts?,4
Are there any specific resources for veterans dealing with suicidal ideation?,4
How can I manage the financial stress that contributes to my suicidal thoughts?,4
Can you help me understand the connection between sleep disturbances and suicidal thoughts?,4
What are some warning signs that someone else may be struggling with suicidal thoughts?,4
"Is it possible for suicidal thoughts to come and go, or will they always be present?",4
What are some healthy coping mechanisms for dealing with suicidal thoughts?,4
Can you help me understand the role of genetics in suicidal ideation?,4
What should I do if I have suicidal thoughts but I'm not ready to seek help?,4
What are some self-care practices I can implement to help with my suicidal thoughts?,4
How do I know if my suicidal thoughts are a cry for help or a genuine desire to end my life?,4
Are there any specific resources for teenagers dealing with suicidal ideation?,4
What should I do if I feel like my therapist isn't taking my suicidal thoughts seriously?,4
Can you help me understand the link between chronic pain and suicidal ideation?,4
What are some common misconceptions about suicidal thoughts that I should be aware of?,4
How can I address the stigma surrounding suicidal thoughts in my community?,4
What should I do if I'm worried that talking about my suicidal thoughts will make them worse?,4
Are there any physical health conditions that can contribute to suicidal ideation?,4
What are the effects of bullying on suicidal thoughts?,4
Can you recommend any apps or online tools for managing suicidal thoughts?,4
How can I create a support system for myself when I'm struggling with suicidal thoughts?,4
What should I do if I have a history of suicide attempts?,4
Are there any dietary changes that can help reduce suicidal ideation?,4
What should I do if I feel like my therapist isn't helping with my suicidal thoughts?,4
How do I know if I need inpatient treatment for my suicidal thoughts?,4
Are there any specific resources for people dealing with suicidal thoughts after a traumatic event?,4
What should I do if I feel like my suicidal thoughts are getting worse despite treatment?,4
Can you help me understand the role of neurotransmitters in suicidal ideation?,4
What are some healthy ways to express my emotions when I'm struggling with suicidal thoughts?,4
How can I rebuild my life after a suicide attempt?,4
What should I do if I feel like my suicidal thoughts are interfering with my ability to function?,4
Are there any specific resources for people dealing with suicidal thoughts related to chronic illness?,4
What should I do if I feel like my suicidal thoughts are triggered by certain situations or events?,4
How can I find a therapist who understands the cultural factors contributing to my suicidal thoughts?,4
What should I do if I feel like my suicidal thoughts are a burden on my loved ones?,4
Are there any specific resources for people dealing with suicidal thoughts in rural areas?,4
How can I address the feelings of hopelessness that contribute to my suicidal thoughts?,4
Can you help me understand the role of trauma therapy in treating suicidal ideation?,4
What should I do if I'm worried about the side effects of medication for my suicidal thoughts?,4
What should I do if I feel like my suicidal thoughts are getting better but then come back?,4
What are the effects of self-harm on suicidal ideation?,4
How can I find motivation to keep fighting against my suicidal thoughts?,4
"What's the scariest movie you've ever watched, and did it give you nightmares?",5
"If you could time travel to any period in history, where would you go and what would you do?",5
"What's the most memorable concert you've ever attended, and what made it special?",5
"If you could have dinner with any historical figure, who would it be and why?",5
Share a childhood memory that still makes you laugh out loud.,5
"If you could learn any language instantly, which one would you choose and why?",5
"What's the best piece of advice you've ever received, and did you follow it?",5
"If you could only listen to one genre of music for the rest of your life, what would it be?",5
Describe your dream vacation destination and what you would do there.,5
What's your favorite way to unwind after a long day?,5
"If you could meet any celebrity, dead or alive, who would it be and what would you ask them?",5
Share a funny or embarrassing childhood nickname you had.,5
"If you could have any animal as a pet, mythical or real, what would it be and why?",5
"What's the most daring adventure you've ever embarked on, and would you do it again?",5
"If you could trade lives with someone for a day, who would it be and what would you do?",5
Describe a food that you hated as a child but love now.,5
"If you could be fluent in any musical instrument, which one would you choose?",5
"What's the most spontaneous thing you've ever done, and how did it turn out?",5
Share a memorable moment from your school days that you'll never forget.,5
"If you could have any job in the world for a day, what would it be and why?",5
Describe your idea of the perfect date night.,5
"If you could have any fictional creature as a companion, what would it be and why?",5
Share a quirky habit that you have that not many people know about.,5
"If you could live in any era of history, which one would you choose and why?",5
"What's the most adrenaline-pumping activity you've ever tried, and would you do it again?",5
"If you could possess any skill instantly, what would it be and how would you use it?",5
Describe a moment when you felt truly proud of yourself.,5
"If you could have any dessert in the world right now, what would it be?",5
"What's the most fascinating place you've ever visited, and what made it special?",5
Share a memorable encounter you've had with a stranger.,5
"If you could have a conversation with your younger self, what advice would you give?",5
What's your favorite thing to do on a sunny day?,5
"If you could live in any fictional universe, which one would you choose and why?",5
Describe the most delicious meal you've ever had.,5
Share a funny misunderstanding you've had with someone.,5
"If you could be any fictional character for a day, who would you be and what would you do?",5
What's the most heartwarming act of kindness you've ever witnessed?,5
"If you could spend a day with any historical figure, who would it be and what would you do together?",5
Describe your dream house and its location.,5
"If you could have any career regardless of qualifications or experience, what would it be?",5
What's the most valuable lesson you've learned from a failure?,5
Share a memorable encounter you've had with wildlife.,5
"If you could possess any magical object, what would it be and why?",5
Describe a moment when you felt truly inspired.,5
"What's the most unusual place you've ever visited, and what made it memorable?",5
"If you could have any fictional technology from a movie or book, what would it be and how would you use it?",5
Share a memorable dream you've had.,5
"If you could solve one world problem, what would it be and how would you do it?",5
Describe the most beautiful sunset you've ever seen.,5
"What's the most interesting book you've ever read, and how did it impact you?",5
"If you could have any animal as a sidekick, real or imaginary, what would it be and why?",5
Share a moment when you felt completely out of your comfort zone.,5
What's your favorite way to spend a rainy day indoors?,5
"If you could have any famous artist paint your portrait, who would it be and why?",5
Describe your ideal weekend getaway destination.,5
"If you could have any vehicle (real or fictional) for a day, what would it be and where would you go?",5
Share a funny mishap you've had while traveling.,5
What's the most incredible natural phenomenon you've ever witnessed?,5
"If you could have any job in the world without worrying about money, what would it be?",5
Describe a moment when you felt truly grateful.,5
"What's the most adventurous food you've ever tried, and did you like it?",5
"If you could have any creature as a loyal companion, what would it be and why?",5
Share a memorable experience you've had while volunteering.,5
"If you could live in any fictional world from a book or movie, which one would you choose and why?",5
Describe the most breathtaking view you've ever seen.,5
"What's your favorite holiday tradition, and why is it special to you?",5
"If you could witness any historical event, what would it be and why?",5
Share a moment when you felt truly alive.,5
"What's the most extravagant gift you've ever received, and who gave it to you?",5
"If you could have any mythical creature as a pet, what would it be and why?",5
Describe a moment when you felt deeply connected to nature.,5
"What's the most daring fashion choice you've ever made, and did it pay off?",5
"If you could master any form of art, what would it be and why?",5
Share a memorable encounter you've had with a celebrity or public figure.,5
"If you could live in any city in the world for a year, where would you choose and why?",5
Describe the most adventurous trip you've ever taken.,5
"What's the most unusual hobby you've ever tried, and did you stick with it?",5
"If you could have any animal ability (e.g., flying like a bird, swimming like a fish), what would it be and why?",5
Share a moment when you felt truly inspired by someone.,5
What's the most breathtaking natural wonder you've ever visited?,5
"If you could have any fictional item from a book or movie, what would it be and how would you use it?",5
Describe the most thrilling adrenaline rush you've ever experienced.,5
What's your favorite way to celebrate a personal achievement?,5
"If you could have any exotic animal as a pet, what would it be and why?",5
Share a moment when you felt completely at peace with yourself.,5
What's the most memorable gift you've ever given to someone?,5
"If you could have any mythical weapon or tool, what would it be and how would you use it?",5